﻿<?xml version="1.0" encoding="utf-8"?>
<!-- 
Manifest template to demonstrate the proper XML namespace declarations for
SCORM 2004 4th Edition manifests that do not use metadata. 

Provided by Rustici Software - www.scorm.com.
-->
<manifest identifier="Online-Combination-Course" version="1" xmlns="http://www.imsglobal.org/xsd/imscp_v1p1" xmlns:adlcp="http://www.adlnet.org/xsd/adlcp_v1p3" xmlns:adlseq="http://www.adlnet.org/xsd/adlseq_v1p3" xmlns:adlnav="http://www.adlnet.org/xsd/adlnav_v1p3" xmlns:imsss="http://www.imsglobal.org/xsd/imsss" xmlns:xsi="http://www.w3.org/2001/XMLSchema-instance" xsi:schemaLocation="http://www.imsglobal.org/xsd/imscp_v1p1 imscp_v1p1.xsd                                        http://www.adlnet.org/xsd/adlcp_v1p3 adlcp_v1p3.xsd                                        http://www.adlnet.org/xsd/adlseq_v1p3 adlseq_v1p3.xsd                                        http://www.adlnet.org/xsd/adlnav_v1p3 adlnav_v1p3.xsd                                        http://www.imsglobal.org/xsd/imsss imsss_v1p0.xsd">
    <metadata>
        <schema>ADL SCORM</schema>
        <schemaversion>2004 4th Edition</schemaversion>
        <adlcp:location>metadata.xml</adlcp:location>
    </metadata>
    <organizations default="B0">
        <organization identifier="B0" adlseq:objectivesGlobalToSystem="false">
            <title>Course Name</title>
            <item identifier="i1" identifierref="r1" isvisible="true">
                <title>Course Name</title>
                <imsss:sequencing>
                    <imsss:deliveryControls completionSetByContent="true" objectiveSetByContent="true" />
                </imsss:sequencing>
            </item>
            <imsss:sequencing>
                <imsss:controlMode choice="true" flow="true" />
            </imsss:sequencing>
        </organization>
    </organizations>
    <resources>
        <resource identifier="r1" type="webcontent" adlcp:scormType="sco" href="Default.htm">
            <file href="Default.htm" />
            <file href="Content/Course-Content/4-3-Lady-Bird-Lake.htm" />
            <file href="Content/Course-Test/Question5.htm" />
            <file href="Content/Course-Content/4-0-Hotspot-Popups.htm" />
            <file href="Content/Resources/Stylesheets/Styles.css" />
            <file href="Content/Course-Content/5-Drop-Downs.htm" />
            <file href="Content/Resources/TableStyles/Alternate-Row-Color.css" />
            <file href="Content/Course-Knowledge-Check/Second-Knowledge-Check.htm" />
            <file href="Content/Course-Test/Question1.htm" />
            <file href="Content/Course-Content/8-IFrame.htm" />
            <file href="Content/Resources/Images/Minus.png" />
            <file href="Content/Resources/Images/Backmatter-Heading-Background.png" />
            <file href="Content/Course-Test/Question4.htm" />
            <file href="Content/Course-Test/Question3.htm" />
            <file href="Content/Course-Content/2-Just-Text.htm" />
            <file href="Content/Resources/Images/Zilker-Park.jpg" />
            <file href="Content/Course-Content/4-1-State-Capitol.htm" />
            <file href="Content/Resources/Images/Austin-Map.png" />
            <file href="Content/Course-Content/3-Two-Tiles.htm" />
            <file href="Content/Resources/Images/Capitol.jpg" />
            <file href="Content/Resources/Images/Downtown.png" />
            <file href="Content/Resources/Images/Plus.png" />
            <file href="Content/Course-Content/6-Slideshow.htm" />
            <file href="Content/Template Instructions.pdf" />
            <file href="Content/Resources/Images/Lady-Bird-Lake.jpg" />
            <file href="Content/Course-Test/Austin-Test-Intro.htm" />
            <file href="Content/Resources/Images/Austin-Logo-Online.png" />
            <file href="Content/Course-Content/1-Course-Title.htm" />
            <file href="Content/Course-Test/Question2.htm" />
            <file href="Content/Course-Knowledge-Check/The-End.htm" />
            <file href="Content/Course-Knowledge-Check/First-Knowledge-Check.htm" />
            <file href="Content/Course-Content/4-2-Zilker-Park.htm" />
            <file href="Content/Course-Content/7-Video.htm" />
            <file href="Content/Resources/Images/Hero-Image.png" />
            <file href="Resources/Scripts/jquery.min.js" />
            <file href="Resources/Scripts/purify.min.js" />
            <file href="Resources/Scripts/require.min.js" />
            <file href="Resources/Scripts/require.config.js" />
            <file href="Resources/Scripts/foundation.min.js" />
            <file href="Resources/Scripts/plugins.min.js" />
            <file href="Resources/Scripts/MadCapAll.js" />
            <file href="Resources/Scripts/lmsapiwrapper.js" />
        </resource>
    </resources>
</manifest>